Elapsed_s,Timestamp,GPU_UUID,SM_Clock_MHz,Memory_Clock_MHz,Temperature_C,Power_W,GPU_Utilization_pct
0.03206801414489746,2026/09/22 18:11:03.720,GPU-f5e42ed3-9b0a-7003-62dd-4fb887642ee2,1095.0,1215.0,37.0,273.14,1.0
5.064077138900757,2026/09/22 18:11:08.752,GPU-f5e42ed3-9b0a-7003-62dd-4fb887642ee2,1260.0,1215.0,58.0,400.98,100.0
10.095422983169556,2026/09/22 18:11:13.784,GPU-f5e42ed3-9b0a-7003-62dd-4fb887642ee2,1260.0,1215.0,61.0,394.0,100.0
15.128693103790283,2026/09/22 18:11:18.815,GPU-f5e42ed3-9b0a-7003-62dd-4fb887642ee2,1245.0,1215.0,63.0,396.24,100.0
20.159911394119263,2026/09/22 18:11:23.849,GPU-f5e42ed3-9b0a-7003-62dd-4fb887642ee2,1245.0,1215.0,64.0,398.38,100.0
25.191599369049072,2026/09/22 18:11:28.880,GPU-f5e42ed3-9b0a-7003-62dd-4fb887642ee2,1230.0,1215.0,65.0,382.95,100.0
30.223661422729492,2026/09/22 18:11:33.912,GPU-f5e42ed3-9b0a-7003-62dd-4fb887642ee2,1245.0,1215.0,66.0,401.85,100.0
35.25517225265503,2026/09/22 18:11:38.943,GPU-f5e42ed3-9b0a-7003-62dd-4fb887642ee2,1245.0,1215.0,67.0,401.85,100.0
40.286885023117065,2026/09/22 18:11:43.975,GPU-f5e42ed3-9b0a-7003-62dd-4fb887642ee2,1245.0,1215.0,67.0,402.45,100.0
45.320353269577026,2026/09/22 18:11:49.007,GPU-f5e42ed3-9b0a-7003-62dd-4fb887642ee2,1230.0,1215.0,68.0,387.2,100.0
50.3522834777832,2026/09/22 18:11:54.040,GPU-f5e42ed3-9b0a-7003-62dd-4fb887642ee2,1230.0,1215.0,68.0,388.47,100.0
55.38322734832764,2026/09/22 18:11:59.072,GPU-f5e42ed3-9b0a-7003-62dd-4fb887642ee2,1230.0,1215.0,68.0,388.79,100.0
60.41607451438904,2026/09/22 18:12:04.103,GPU-f5e42ed3-9b0a-7003-62dd-4fb887642ee2,1245.0,1215.0,69.0,390.13,100.0
65.44804501533508,2026/09/22 18:12:09.136,GPU-f5e42ed3-9b0a-7003-62dd-4fb887642ee2,1245.0,1215.0,69.0,404.36,100.0
70.4796679019928,2026/09/22 18:12:14.168,GPU-f5e42ed3-9b0a-7003-62dd-4fb887642ee2,1230.0,1215.0,69.0,391.26,100.0
75.5122218132019,2026/09/22 18:12:19.200,GPU-f5e42ed3-9b0a-7003-62dd-4fb887642ee2,1230.0,1215.0,70.0,392.13,100.0
80.54454064369202,2026/09/22 18:12:24.232,GPU-f5e42ed3-9b0a-7003-62dd-4fb887642ee2,1245.0,1215.0,70.0,407.55,100.0
85.57653832435608,2026/09/22 18:12:29.264,GPU-f5e42ed3-9b0a-7003-62dd-4fb887642ee2,1245.0,1215.0,70.0,409.88,100.0
90.61069869995117,2026/09/22 18:12:34.296,GPU-f5e42ed3-9b0a-7003-62dd-4fb887642ee2,1230.0,1215.0,70.0,393.14,100.0
95.64274311065674,2026/09/22 18:12:39.330,GPU-f5e42ed3-9b0a-7003-62dd-4fb887642ee2,1230.0,1215.0,70.0,411.34,100.0
100.67447805404663,2026/09/22 18:12:44.362,GPU-f5e42ed3-9b0a-7003-62dd-4fb887642ee2,1245.0,1215.0,70.0,385.15,100.0
105.70740008354187,2026/09/22 18:12:49.396,GPU-f5e42ed3-9b0a-7003-62dd-4fb887642ee2,1245.0,1215.0,70.0,393.32,100.0
110.73928689956665,2026/09/22 18:12:54.428,GPU-f5e42ed3-9b0a-7003-62dd-4fb887642ee2,1245.0,1215.0,70.0,393.59,100.0
115.77155065536499,2026/09/22 18:12:59.459,GPU-f5e42ed3-9b0a-7003-62dd-4fb887642ee2,1230.0,1215.0,70.0,403.77,100.0
120.80367708206177,2026/09/22 18:13:04.492,GPU-f5e42ed3-9b0a-7003-62dd-4fb887642ee2,1230.0,1215.0,70.0,394.19,100.0
125.83488917350769,2026/09/22 18:13:09.523,GPU-f5e42ed3-9b0a-7003-62dd-4fb887642ee2,1230.0,1215.0,70.0,394.46,100.0
130.86659574508667,2026/09/22 18:13:14.555,GPU-f5e42ed3-9b0a-7003-62dd-4fb887642ee2,1230.0,1215.0,70.0,394.19,100.0
135.89960885047913,2026/09/22 18:13:19.587,GPU-f5e42ed3-9b0a-7003-62dd-4fb887642ee2,1230.0,1215.0,70.0,395.05,100.0
140.93151807785034,2026/09/22 18:13:24.619,GPU-f5e42ed3-9b0a-7003-62dd-4fb887642ee2,1230.0,1215.0,70.0,394.78,100.0
145.96359419822693,2026/09/22 18:13:29.651,GPU-f5e42ed3-9b0a-7003-62dd-4fb887642ee2,1230.0,1215.0,70.0,394.78,100.0
150.99498581886292,2026/09/22 18:13:34.684,GPU-f5e42ed3-9b0a-7003-62dd-4fb887642ee2,1230.0,1215.0,71.0,395.92,100.0
156.0271532535553,2026/09/22 18:13:39.715,GPU-f5e42ed3-9b0a-7003-62dd-4fb887642ee2,1230.0,1215.0,71.0,395.37,100.0
161.05953907966614,2026/09/22 18:13:44.747,GPU-f5e42ed3-9b0a-7003-62dd-4fb887642ee2,1230.0,1215.0,71.0,395.92,100.0
166.0909447669983,2026/09/22 18:13:49.779,GPU-f5e42ed3-9b0a-7003-62dd-4fb887642ee2,1230.0,1215.0,71.0,395.92,100.0
171.12276196479797,2026/09/22 18:13:54.811,GPU-f5e42ed3-9b0a-7003-62dd-4fb887642ee2,1230.0,1215.0,71.0,395.92,100.0
176.15623593330383,2026/09/22 18:13:59.843,GPU-f5e42ed3-9b0a-7003-62dd-4fb887642ee2,1230.0,1215.0,71.0,395.92,100.0
181.18762707710266,2026/09/22 18:14:04.876,GPU-f5e42ed3-9b0a-7003-62dd-4fb887642ee2,1230.0,1215.0,71.0,396.51,100.0
186.2197515964508,2026/09/22 18:14:09.908,GPU-f5e42ed3-9b0a-7003-62dd-4fb887642ee2,1230.0,1215.0,71.0,395.65,100.0
191.2517569065094,2026/09/22 18:14:14.939,GPU-f5e42ed3-9b0a-7003-62dd-4fb887642ee2,1230.0,1215.0,71.0,396.24,100.0
196.2838044166565,2026/09/22 18:14:19.972,GPU-f5e42ed3-9b0a-7003-62dd-4fb887642ee2,1230.0,1215.0,71.0,396.51,100.0
201.31563591957092,2026/09/22 18:14:25.004,GPU-f5e42ed3-9b0a-7003-62dd-4fb887642ee2,1230.0,1215.0,71.0,396.24,100.0
206.34722757339478,2026/09/22 18:14:30.036,GPU-f5e42ed3-9b0a-7003-62dd-4fb887642ee2,1230.0,1215.0,71.0,396.51,100.0
211.37972044944763,2026/09/22 18:14:35.067,GPU-f5e42ed3-9b0a-7003-62dd-4fb887642ee2,1230.0,1215.0,71.0,396.51,100.0
216.41152715682983,2026/09/22 18:14:40.099,GPU-f5e42ed3-9b0a-7003-62dd-4fb887642ee2,1230.0,1215.0,71.0,396.51,100.0
221.44237852096558,2026/09/22 18:14:45.131,GPU-f5e42ed3-9b0a-7003-62dd-4fb887642ee2,1230.0,1215.0,71.0,397.11,100.0
226.4739112854004,2026/09/22 18:14:50.162,GPU-f5e42ed3-9b0a-7003-62dd-4fb887642ee2,1230.0,1215.0,71.0,396.79,100.0
231.5058469772339,2026/09/22 18:14:55.193,GPU-f5e42ed3-9b0a-7003-62dd-4fb887642ee2,1230.0,1215.0,71.0,396.1,100.0
236.54027152061462,2026/09/22 18:15:00.228,GPU-f5e42ed3-9b0a-7003-62dd-4fb887642ee2,1230.0,1215.0,71.0,396.79,100.0
241.57171392440796,2026/09/22 18:15:05.260,GPU-f5e42ed3-9b0a-7003-62dd-4fb887642ee2,1230.0,1215.0,71.0,396.51,100.0
246.60550355911255,2026/09/22 18:15:10.292,GPU-f5e42ed3-9b0a-7003-62dd-4fb887642ee2,1230.0,1215.0,71.0,397.11,100.0
251.6374294757843,2026/09/22 18:15:15.326,GPU-f5e42ed3-9b0a-7003-62dd-4fb887642ee2,1230.0,1215.0,71.0,397.11,100.0
256.6696276664734,2026/09/22 18:15:20.357,GPU-f5e42ed3-9b0a-7003-62dd-4fb887642ee2,1230.0,1215.0,71.0,397.11,100.0
261.70339250564575,2026/09/22 18:15:25.390,GPU-f5e42ed3-9b0a-7003-62dd-4fb887642ee2,1230.0,1215.0,71.0,397.38,100.0
266.7355237007141,2026/09/22 18:15:30.423,GPU-f5e42ed3-9b0a-7003-62dd-4fb887642ee2,1230.0,1215.0,71.0,396.79,100.0
271.76728892326355,2026/09/22 18:15:35.456,GPU-f5e42ed3-9b0a-7003-62dd-4fb887642ee2,1230.0,1215.0,71.0,397.7,100.0
276.7988305091858,2026/09/22 18:15:40.487,GPU-f5e42ed3-9b0a-7003-62dd-4fb887642ee2,1230.0,1215.0,71.0,397.11,100.0
281.83046436309814,2026/09/22 18:15:45.519,GPU-f5e42ed3-9b0a-7003-62dd-4fb887642ee2,1230.0,1215.0,71.0,397.7,100.0
286.8624155521393,2026/09/22 18:15:50.550,GPU-f5e42ed3-9b0a-7003-62dd-4fb887642ee2,1230.0,1215.0,71.0,397.7,100.0
291.89450883865356,2026/09/22 18:15:55.582,GPU-f5e42ed3-9b0a-7003-62dd-4fb887642ee2,1230.0,1215.0,71.0,397.38,100.0
296.9275770187378,2026/09/22 18:16:00.616,GPU-f5e42ed3-9b0a-7003-62dd-4fb887642ee2,1230.0,1215.0,71.0,397.97,100.0
301.95908665657043,2026/09/22 18:16:05.647,GPU-f5e42ed3-9b0a-7003-62dd-4fb887642ee2,1230.0,1215.0,71.0,397.97,100.0
306.99230790138245,2026/09/22 18:16:10.679,GPU-f5e42ed3-9b0a-7003-62dd-4fb887642ee2,1230.0,1215.0,71.0,397.38,100.0
312.0234615802765,2026/09/22 18:16:15.712,GPU-f5e42ed3-9b0a-7003-62dd-4fb887642ee2,1230.0,1215.0,71.0,397.38,100.0
317.05511379241943,2026/09/22 18:16:20.743,GPU-f5e42ed3-9b0a-7003-62dd-4fb887642ee2,1230.0,1215.0,71.0,397.38,100.0
322.08638310432434,2026/09/22 18:16:25.775,GPU-f5e42ed3-9b0a-7003-62dd-4fb887642ee2,1230.0,1215.0,71.0,397.29,100.0
327.11776852607727,2026/09/22 18:16:30.806,GPU-f5e42ed3-9b0a-7003-62dd-4fb887642ee2,1230.0,1215.0,71.0,397.7,100.0
332.1499934196472,2026/09/22 18:16:35.837,GPU-f5e42ed3-9b0a-7003-62dd-4fb887642ee2,1230.0,1215.0,71.0,397.97,100.0
337.1817891597748,2026/09/22 18:16:40.870,GPU-f5e42ed3-9b0a-7003-62dd-4fb887642ee2,1230.0,1215.0,71.0,397.7,100.0
342.21375274658203,2026/09/22 18:16:45.902,GPU-f5e42ed3-9b0a-7003-62dd-4fb887642ee2,1230.0,1215.0,71.0,397.97,100.0
347.2449960708618,2026/09/22 18:16:50.933,GPU-f5e42ed3-9b0a-7003-62dd-4fb887642ee2,1230.0,1215.0,71.0,397.7,100.0
352.27671790122986,2026/09/22 18:16:55.965,GPU-f5e42ed3-9b0a-7003-62dd-4fb887642ee2,1230.0,1215.0,71.0,398.25,100.0
357.3084638118744,2026/09/22 18:17:00.996,GPU-f5e42ed3-9b0a-7003-62dd-4fb887642ee2,1230.0,1215.0,71.0,397.11,100.0
362.3423185348511,2026/09/22 18:17:06.030,GPU-f5e42ed3-9b0a-7003-62dd-4fb887642ee2,1230.0,1215.0,71.0,397.38,100.0
367.37431931495667,2026/09/22 18:17:11.062,GPU-f5e42ed3-9b0a-7003-62dd-4fb887642ee2,1230.0,1215.0,71.0,397.38,100.0
372.40622782707214,2026/09/22 18:17:16.094,GPU-f5e42ed3-9b0a-7003-62dd-4fb887642ee2,1230.0,1215.0,71.0,397.7,100.0
377.4371476173401,2026/09/22 18:17:21.126,GPU-f5e42ed3-9b0a-7003-62dd-4fb887642ee2,1230.0,1215.0,71.0,397.7,100.0
382.46842408180237,2026/09/22 18:17:26.156,GPU-f5e42ed3-9b0a-7003-62dd-4fb887642ee2,1230.0,1215.0,71.0,397.7,100.0
387.50269389152527,2026/09/22 18:17:31.188,GPU-f5e42ed3-9b0a-7003-62dd-4fb887642ee2,1230.0,1215.0,71.0,397.97,100.0
392.5344452857971,2026/09/22 18:17:36.222,GPU-f5e42ed3-9b0a-7003-62dd-4fb887642ee2,1230.0,1215.0,71.0,398.25,100.0
397.5660445690155,2026/09/22 18:17:41.254,GPU-f5e42ed3-9b0a-7003-62dd-4fb887642ee2,1230.0,1215.0,71.0,398.57,100.0
402.59775400161743,2026/09/22 18:17:46.286,GPU-f5e42ed3-9b0a-7003-62dd-4fb887642ee2,1230.0,1215.0,71.0,398.57,100.0
407.62928795814514,2026/09/22 18:17:51.318,GPU-f5e42ed3-9b0a-7003-62dd-4fb887642ee2,1230.0,1215.0,71.0,398.25,100.0
412.6616084575653,2026/09/22 18:17:56.349,GPU-f5e42ed3-9b0a-7003-62dd-4fb887642ee2,1230.0,1215.0,71.0,397.97,100.0
417.69351983070374,2026/09/22 18:18:01.381,GPU-f5e42ed3-9b0a-7003-62dd-4fb887642ee2,1230.0,1215.0,71.0,397.97,100.0
422.72607946395874,2026/09/22 18:18:06.413,GPU-f5e42ed3-9b0a-7003-62dd-4fb887642ee2,1230.0,1215.0,72.0,398.25,100.0
427.75775623321533,2026/09/22 18:18:11.446,GPU-f5e42ed3-9b0a-7003-62dd-4fb887642ee2,1230.0,1215.0,72.0,397.7,100.0
432.7889723777771,2026/09/22 18:18:16.477,GPU-f5e42ed3-9b0a-7003-62dd-4fb887642ee2,1230.0,1215.0,71.0,398.25,100.0
437.82055497169495,2026/09/22 18:18:21.509,GPU-f5e42ed3-9b0a-7003-62dd-4fb887642ee2,1230.0,1215.0,71.0,397.7,100.0
442.8525457382202,2026/09/22 18:18:26.540,GPU-f5e42ed3-9b0a-7003-62dd-4fb887642ee2,1230.0,1215.0,71.0,397.11,100.0
447.8844361305237,2026/09/22 18:18:31.572,GPU-f5e42ed3-9b0a-7003-62dd-4fb887642ee2,1230.0,1215.0,71.0,398.25,100.0
452.91637659072876,2026/09/22 18:18:36.604,GPU-f5e42ed3-9b0a-7003-62dd-4fb887642ee2,1230.0,1215.0,72.0,398.84,100.0
457.94757652282715,2026/09/22 18:18:41.636,GPU-f5e42ed3-9b0a-7003-62dd-4fb887642ee2,1230.0,1215.0,71.0,398.25,100.0
462.98177433013916,2026/09/22 18:18:46.668,GPU-f5e42ed3-9b0a-7003-62dd-4fb887642ee2,1230.0,1215.0,71.0,397.97,100.0
468.0135910511017,2026/09/22 18:18:51.702,GPU-f5e42ed3-9b0a-7003-62dd-4fb887642ee2,1230.0,1215.0,71.0,391.26,100.0
473.05120944976807,2026/09/22 18:18:56.734,GPU-f5e42ed3-9b0a-7003-62dd-4fb887642ee2,1230.0,1215.0,72.0,397.38,100.0
478.08329248428345,2026/09/22 18:19:01.771,GPU-f5e42ed3-9b0a-7003-62dd-4fb887642ee2,1230.0,1215.0,71.0,397.38,100.0
483.11540842056274,2026/09/22 18:19:06.804,GPU-f5e42ed3-9b0a-7003-62dd-4fb887642ee2,1230.0,1215.0,72.0,398.84,100.0
488.1482529640198,2026/09/22 18:19:11.835,GPU-f5e42ed3-9b0a-7003-62dd-4fb887642ee2,1230.0,1215.0,72.0,403.77,100.0
493.18073439598083,2026/09/22 18:19:16.868,GPU-f5e42ed3-9b0a-7003-62dd-4fb887642ee2,1230.0,1215.0,71.0,407.55,100.0
498.2124969959259,2026/09/22 18:19:21.900,GPU-f5e42ed3-9b0a-7003-62dd-4fb887642ee2,1230.0,1215.0,72.0,397.97,100.0
503.2446267604828,2026/09/22 18:19:26.932,GPU-f5e42ed3-9b0a-7003-62dd-4fb887642ee2,1230.0,1215.0,72.0,398.42,100.0
508.27651834487915,2026/09/22 18:19:31.964,GPU-f5e42ed3-9b0a-7003-62dd-4fb887642ee2,1230.0,1215.0,71.0,397.38,100.0
513.3089981079102,2026/09/22 18:19:36.996,GPU-f5e42ed3-9b0a-7003-62dd-4fb887642ee2,1230.0,1215.0,72.0,398.57,100.0
518.3410086631775,2026/09/22 18:19:42.029,GPU-f5e42ed3-9b0a-7003-62dd-4fb887642ee2,1230.0,1215.0,71.0,398.25,100.0
523.3726289272308,2026/09/22 18:19:47.061,GPU-f5e42ed3-9b0a-7003-62dd-4fb887642ee2,1230.0,1215.0,72.0,398.84,100.0
528.4052448272705,2026/09/22 18:19:52.092,GPU-f5e42ed3-9b0a-7003-62dd-4fb887642ee2,1230.0,1215.0,72.0,398.57,100.0
533.4391667842865,2026/09/22 18:19:57.125,GPU-f5e42ed3-9b0a-7003-62dd-4fb887642ee2,1245.0,1215.0,72.0,397.7,100.0
538.470841884613,2026/09/22 18:20:02.159,GPU-f5e42ed3-9b0a-7003-62dd-4fb887642ee2,1230.0,1215.0,72.0,397.97,100.0
543.5042705535889,2026/09/22 18:20:07.191,GPU-f5e42ed3-9b0a-7003-62dd-4fb887642ee2,1230.0,1215.0,71.0,391.26,100.0
548.536159992218,2026/09/22 18:20:12.224,GPU-f5e42ed3-9b0a-7003-62dd-4fb887642ee2,1230.0,1215.0,71.0,390.99,100.0
553.5686521530151,2026/09/22 18:20:17.256,GPU-f5e42ed3-9b0a-7003-62dd-4fb887642ee2,1230.0,1215.0,72.0,407.88,100.0
558.6011424064636,2026/09/22 18:20:22.289,GPU-f5e42ed3-9b0a-7003-62dd-4fb887642ee2,1245.0,1215.0,72.0,397.11,100.0
563.6330380439758,2026/09/22 18:20:27.321,GPU-f5e42ed3-9b0a-7003-62dd-4fb887642ee2,1230.0,1215.0,72.0,398.25,100.0
568.6650443077087,2026/09/22 18:20:32.353,GPU-f5e42ed3-9b0a-7003-62dd-4fb887642ee2,1245.0,1215.0,72.0,390.72,100.0
573.6978588104248,2026/09/22 18:20:37.385,GPU-f5e42ed3-9b0a-7003-62dd-4fb887642ee2,1230.0,1215.0,72.0,398.15,100.0
578.7293202877045,2026/09/22 18:20:42.418,GPU-f5e42ed3-9b0a-7003-62dd-4fb887642ee2,1230.0,1215.0,72.0,396.79,100.0
583.7605328559875,2026/09/22 18:20:47.449,GPU-f5e42ed3-9b0a-7003-62dd-4fb887642ee2,1245.0,1215.0,71.0,396.79,100.0
588.7978723049164,2026/09/22 18:20:52.480,GPU-f5e42ed3-9b0a-7003-62dd-4fb887642ee2,1230.0,1215.0,72.0,405.23,100.0
593.8330886363983,2026/09/22 18:20:57.517,GPU-f5e42ed3-9b0a-7003-62dd-4fb887642ee2,1230.0,1215.0,72.0,396.96,100.0
598.866283416748,2026/09/22 18:21:02.553,GPU-f5e42ed3-9b0a-7003-62dd-4fb887642ee2,1230.0,1215.0,71.0,390.72,100.0
603.9010982513428,2026/09/22 18:21:07.587,GPU-f5e42ed3-9b0a-7003-62dd-4fb887642ee2,1230.0,1215.0,72.0,397.55,100.0
608.9324645996094,2026/09/22 18:21:12.621,GPU-f5e42ed3-9b0a-7003-62dd-4fb887642ee2,1230.0,1215.0,71.0,389.39,100.0
613.9643769264221,2026/09/22 18:21:17.652,GPU-f5e42ed3-9b0a-7003-62dd-4fb887642ee2,1230.0,1215.0,71.0,389.53,100.0
618.9959824085236,2026/09/22 18:21:22.684,GPU-f5e42ed3-9b0a-7003-62dd-4fb887642ee2,1230.0,1215.0,71.0,390.13,100.0
624.0309839248657,2026/09/22 18:21:27.716,GPU-f5e42ed3-9b0a-7003-62dd-4fb887642ee2,1230.0,1215.0,71.0,398.25,100.0
629.0625965595245,2026/09/22 18:21:32.751,GPU-f5e42ed3-9b0a-7003-62dd-4fb887642ee2,1230.0,1215.0,71.0,390.31,100.0
634.0942738056183,2026/09/22 18:21:37.782,GPU-f5e42ed3-9b0a-7003-62dd-4fb887642ee2,1230.0,1215.0,72.0,398.25,100.0
639.1262669563293,2026/09/22 18:21:42.814,GPU-f5e42ed3-9b0a-7003-62dd-4fb887642ee2,1230.0,1215.0,72.0,397.55,100.0
644.1578104496002,2026/09/22 18:21:47.846,GPU-f5e42ed3-9b0a-7003-62dd-4fb887642ee2,1230.0,1215.0,72.0,397.97,100.0
649.193012714386,2026/09/22 18:21:52.877,GPU-f5e42ed3-9b0a-7003-62dd-4fb887642ee2,1230.0,1215.0,72.0,398.15,100.0
654.2252004146576,2026/09/22 18:21:57.913,GPU-f5e42ed3-9b0a-7003-62dd-4fb887642ee2,1230.0,1215.0,72.0,397.83,100.0
659.2568140029907,2026/09/22 18:22:02.945,GPU-f5e42ed3-9b0a-7003-62dd-4fb887642ee2,1230.0,1215.0,72.0,397.83,100.0
664.2890646457672,2026/09/22 18:22:07.977,GPU-f5e42ed3-9b0a-7003-62dd-4fb887642ee2,1230.0,1215.0,72.0,398.15,100.0
669.320878982544,2026/09/22 18:22:13.009,GPU-f5e42ed3-9b0a-7003-62dd-4fb887642ee2,1230.0,1215.0,71.0,391.59,100.0
674.3526773452759,2026/09/22 18:22:18.040,GPU-f5e42ed3-9b0a-7003-62dd-4fb887642ee2,1230.0,1215.0,72.0,397.7,100.0
679.3841605186462,2026/09/22 18:22:23.073,GPU-f5e42ed3-9b0a-7003-62dd-4fb887642ee2,1230.0,1215.0,72.0,407.72,100.0
684.416604757309,2026/09/22 18:22:28.104,GPU-f5e42ed3-9b0a-7003-62dd-4fb887642ee2,1245.0,1215.0,72.0,402.03,100.0
689.447407245636,2026/09/22 18:22:33.136,GPU-f5e42ed3-9b0a-7003-62dd-4fb887642ee2,1230.0,1215.0,71.0,390.58,100.0
694.4793617725372,2026/09/22 18:22:38.167,GPU-f5e42ed3-9b0a-7003-62dd-4fb887642ee2,1230.0,1215.0,72.0,398.15,100.0
699.5114061832428,2026/09/22 18:22:43.199,GPU-f5e42ed3-9b0a-7003-62dd-4fb887642ee2,1230.0,1215.0,71.0,388.94,100.0
704.5429608821869,2026/09/22 18:22:48.231,GPU-f5e42ed3-9b0a-7003-62dd-4fb887642ee2,1230.0,1215.0,72.0,407.12,100.0
709.5738065242767,2026/09/22 18:22:53.262,GPU-f5e42ed3-9b0a-7003-62dd-4fb887642ee2,1230.0,1215.0,72.0,397.83,100.0
714.6057715415955,2026/09/22 18:22:58.294,GPU-f5e42ed3-9b0a-7003-62dd-4fb887642ee2,1230.0,1215.0,72.0,398.57,100.0
719.6378979682922,2026/09/22 18:23:03.326,GPU-f5e42ed3-9b0a-7003-62dd-4fb887642ee2,1230.0,1215.0,72.0,397.83,100.0
724.6700930595398,2026/09/22 18:23:08.358,GPU-f5e42ed3-9b0a-7003-62dd-4fb887642ee2,1230.0,1215.0,72.0,399.11,100.0
729.7022500038147,2026/09/22 18:23:13.390,GPU-f5e42ed3-9b0a-7003-62dd-4fb887642ee2,1230.0,1215.0,72.0,398.25,100.0
734.7342410087585,2026/09/22 18:23:18.422,GPU-f5e42ed3-9b0a-7003-62dd-4fb887642ee2,1230.0,1215.0,72.0,398.57,100.0
739.7656688690186,2026/09/22 18:23:23.454,GPU-f5e42ed3-9b0a-7003-62dd-4fb887642ee2,1230.0,1215.0,72.0,398.15,100.0
744.7970995903015,2026/09/22 18:23:28.485,GPU-f5e42ed3-9b0a-7003-62dd-4fb887642ee2,1230.0,1215.0,72.0,398.25,100.0
749.8303236961365,2026/09/22 18:23:33.517,GPU-f5e42ed3-9b0a-7003-62dd-4fb887642ee2,1230.0,1215.0,72.0,398.84,100.0
754.8618731498718,2026/09/22 18:23:38.550,GPU-f5e42ed3-9b0a-7003-62dd-4fb887642ee2,1230.0,1215.0,72.0,391.59,100.0
759.8941905498505,2026/09/22 18:23:43.582,GPU-f5e42ed3-9b0a-7003-62dd-4fb887642ee2,1230.0,1215.0,72.0,398.57,100.0
764.9258306026459,2026/09/22 18:23:48.614,GPU-f5e42ed3-9b0a-7003-62dd-4fb887642ee2,1230.0,1215.0,72.0,398.84,100.0
769.9570736885071,2026/09/22 18:23:53.646,GPU-f5e42ed3-9b0a-7003-62dd-4fb887642ee2,1230.0,1215.0,72.0,399.11,100.0
774.9885199069977,2026/09/22 18:23:58.677,GPU-f5e42ed3-9b0a-7003-62dd-4fb887642ee2,1230.0,1215.0,72.0,408.32,100.0
780.0203778743744,2026/09/22 18:24:03.708,GPU-f5e42ed3-9b0a-7003-62dd-4fb887642ee2,1230.0,1215.0,72.0,398.15,100.0
785.0563468933105,2026/09/22 18:24:08.740,GPU-f5e42ed3-9b0a-7003-62dd-4fb887642ee2,1230.0,1215.0,72.0,398.69,100.0
790.088445186615,2026/09/22 18:24:13.776,GPU-f5e42ed3-9b0a-7003-62dd-4fb887642ee2,1230.0,1215.0,72.0,398.42,100.0
795.1198093891144,2026/09/22 18:24:18.808,GPU-f5e42ed3-9b0a-7003-62dd-4fb887642ee2,1230.0,1215.0,72.0,398.25,100.0
800.1519446372986,2026/09/22 18:24:23.840,GPU-f5e42ed3-9b0a-7003-62dd-4fb887642ee2,1230.0,1215.0,72.0,397.29,100.0
805.1829521656036,2026/09/22 18:24:28.872,GPU-f5e42ed3-9b0a-7003-62dd-4fb887642ee2,1230.0,1215.0,72.0,397.97,100.0
810.214762210846,2026/09/22 18:24:33.903,GPU-f5e42ed3-9b0a-7003-62dd-4fb887642ee2,1230.0,1215.0,72.0,398.84,100.0
815.2461533546448,2026/09/22 18:24:38.934,GPU-f5e42ed3-9b0a-7003-62dd-4fb887642ee2,1230.0,1215.0,72.0,397.97,100.0
820.2783319950104,2026/09/22 18:24:43.966,GPU-f5e42ed3-9b0a-7003-62dd-4fb887642ee2,1230.0,1215.0,72.0,397.97,100.0
825.3097565174103,2026/09/22 18:24:48.998,GPU-f5e42ed3-9b0a-7003-62dd-4fb887642ee2,1230.0,1215.0,72.0,398.84,100.0
830.3418855667114,2026/09/22 18:24:54.030,GPU-f5e42ed3-9b0a-7003-62dd-4fb887642ee2,1230.0,1215.0,72.0,398.25,100.0
835.3738312721252,2026/09/22 18:24:59.062,GPU-f5e42ed3-9b0a-7003-62dd-4fb887642ee2,1230.0,1215.0,72.0,390.99,100.0
840.4074234962463,2026/09/22 18:25:04.094,GPU-f5e42ed3-9b0a-7003-62dd-4fb887642ee2,1230.0,1215.0,72.0,391.26,100.0
845.440770149231,2026/09/22 18:25:09.127,GPU-f5e42ed3-9b0a-7003-62dd-4fb887642ee2,1230.0,1215.0,72.0,398.15,100.0
850.474449634552,2026/09/22 18:25:14.162,GPU-f5e42ed3-9b0a-7003-62dd-4fb887642ee2,1230.0,1215.0,72.0,398.15,100.0
855.5060164928436,2026/09/22 18:25:19.194,GPU-f5e42ed3-9b0a-7003-62dd-4fb887642ee2,1245.0,1215.0,72.0,400.57,100.0
860.5376210212708,2026/09/22 18:25:24.226,GPU-f5e42ed3-9b0a-7003-62dd-4fb887642ee2,1230.0,1215.0,72.0,398.15,100.0
865.5692913532257,2026/09/22 18:25:29.257,GPU-f5e42ed3-9b0a-7003-62dd-4fb887642ee2,1230.0,1215.0,72.0,397.11,100.0
870.6013765335083,2026/09/22 18:25:34.289,GPU-f5e42ed3-9b0a-7003-62dd-4fb887642ee2,1230.0,1215.0,72.0,398.25,100.0
875.6330568790436,2026/09/22 18:25:39.321,GPU-f5e42ed3-9b0a-7003-62dd-4fb887642ee2,1230.0,1215.0,72.0,397.83,100.0
880.6645114421844,2026/09/22 18:25:44.353,GPU-f5e42ed3-9b0a-7003-62dd-4fb887642ee2,1230.0,1215.0,72.0,398.57,100.0
885.6969106197357,2026/09/22 18:25:49.384,GPU-f5e42ed3-9b0a-7003-62dd-4fb887642ee2,1230.0,1215.0,72.0,397.97,100.0
890.7303709983826,2026/09/22 18:25:54.417,GPU-f5e42ed3-9b0a-7003-62dd-4fb887642ee2,1230.0,1215.0,72.0,397.38,100.0
895.7620980739594,2026/09/22 18:25:59.450,GPU-f5e42ed3-9b0a-7003-62dd-4fb887642ee2,1230.0,1215.0,72.0,397.83,100.0
900.7936511039734,2026/09/22 18:26:04.482,GPU-f5e42ed3-9b0a-7003-62dd-4fb887642ee2,1230.0,1215.0,72.0,397.83,100.0
905.825953245163,2026/09/22 18:26:09.513,GPU-f5e42ed3-9b0a-7003-62dd-4fb887642ee2,1230.0,1215.0,72.0,398.25,100.0
910.8611776828766,2026/09/22 18:26:14.546,GPU-f5e42ed3-9b0a-7003-62dd-4fb887642ee2,1230.0,1215.0,72.0,397.38,100.0
915.8958275318146,2026/09/22 18:26:19.581,GPU-f5e42ed3-9b0a-7003-62dd-4fb887642ee2,1230.0,1215.0,71.0,397.11,100.0
920.9279034137726,2026/09/22 18:26:24.616,GPU-f5e42ed3-9b0a-7003-62dd-4fb887642ee2,1230.0,1215.0,72.0,397.38,100.0
925.95960521698,2026/09/22 18:26:29.648,GPU-f5e42ed3-9b0a-7003-62dd-4fb887642ee2,1230.0,1215.0,72.0,398.57,100.0
930.9917457103729,2026/09/22 18:26:34.679,GPU-f5e42ed3-9b0a-7003-62dd-4fb887642ee2,1230.0,1215.0,72.0,397.29,100.0
936.0229964256287,2026/09/22 18:26:39.712,GPU-f5e42ed3-9b0a-7003-62dd-4fb887642ee2,1230.0,1215.0,72.0,398.25,100.0
941.0564081668854,2026/09/22 18:26:44.743,GPU-f5e42ed3-9b0a-7003-62dd-4fb887642ee2,1245.0,1215.0,72.0,398.25,100.0
946.0874631404877,2026/09/22 18:26:49.776,GPU-f5e42ed3-9b0a-7003-62dd-4fb887642ee2,1230.0,1215.0,72.0,390.99,100.0
951.1194162368774,2026/09/22 18:26:54.807,GPU-f5e42ed3-9b0a-7003-62dd-4fb887642ee2,1230.0,1215.0,71.0,390.4,100.0
956.1510310173035,2026/09/22 18:26:59.839,GPU-f5e42ed3-9b0a-7003-62dd-4fb887642ee2,1230.0,1215.0,72.0,397.97,100.0
961.1833198070526,2026/09/22 18:27:04.871,GPU-f5e42ed3-9b0a-7003-62dd-4fb887642ee2,1230.0,1215.0,71.0,391.86,100.0
966.2157618999481,2026/09/22 18:27:09.903,GPU-f5e42ed3-9b0a-7003-62dd-4fb887642ee2,1230.0,1215.0,72.0,392.73,100.0
971.2475192546844,2026/09/22 18:27:14.936,GPU-f5e42ed3-9b0a-7003-62dd-4fb887642ee2,1230.0,1215.0,71.0,395.37,100.0
976.280962228775,2026/09/22 18:27:19.969,GPU-f5e42ed3-9b0a-7003-62dd-4fb887642ee2,1230.0,1215.0,72.0,398.15,100.0
981.3145172595978,2026/09/22 18:27:25.001,GPU-f5e42ed3-9b0a-7003-62dd-4fb887642ee2,1245.0,1215.0,72.0,397.97,100.0
986.3456892967224,2026/09/22 18:27:30.034,GPU-f5e42ed3-9b0a-7003-62dd-4fb887642ee2,1230.0,1215.0,72.0,406.59,100.0
991.3768863677979,2026/09/22 18:27:35.065,GPU-f5e42ed3-9b0a-7003-62dd-4fb887642ee2,1230.0,1215.0,72.0,397.7,100.0
996.4085350036621,2026/09/22 18:27:40.097,GPU-f5e42ed3-9b0a-7003-62dd-4fb887642ee2,1230.0,1215.0,72.0,398.57,100.0
1001.439446926117,2026/09/22 18:27:45.128,GPU-f5e42ed3-9b0a-7003-62dd-4fb887642ee2,1230.0,1215.0,72.0,398.42,100.0
1006.4709415435791,2026/09/22 18:27:50.159,GPU-f5e42ed3-9b0a-7003-62dd-4fb887642ee2,1230.0,1215.0,72.0,398.84,100.0
1011.5026462078094,2026/09/22 18:27:55.191,GPU-f5e42ed3-9b0a-7003-62dd-4fb887642ee2,1230.0,1215.0,72.0,398.15,100.0
1016.5340802669525,2026/09/22 18:28:00.222,GPU-f5e42ed3-9b0a-7003-62dd-4fb887642ee2,1245.0,1215.0,72.0,398.25,100.0
1021.5650615692139,2026/09/22 18:28:05.254,GPU-f5e42ed3-9b0a-7003-62dd-4fb887642ee2,1230.0,1215.0,72.0,408.15,100.0
1026.5970604419708,2026/09/22 18:28:10.285,GPU-f5e42ed3-9b0a-7003-62dd-4fb887642ee2,1230.0,1215.0,71.0,390.85,100.0
1031.62899518013,2026/09/22 18:28:15.317,GPU-f5e42ed3-9b0a-7003-62dd-4fb887642ee2,1230.0,1215.0,72.0,397.55,100.0
1036.6631259918213,2026/09/22 18:28:20.351,GPU-f5e42ed3-9b0a-7003-62dd-4fb887642ee2,1230.0,1215.0,72.0,399.11,100.0
1041.6947808265686,2026/09/22 18:28:25.383,GPU-f5e42ed3-9b0a-7003-62dd-4fb887642ee2,1230.0,1215.0,72.0,397.97,100.0
1046.7266941070557,2026/09/22 18:28:30.415,GPU-f5e42ed3-9b0a-7003-62dd-4fb887642ee2,1230.0,1215.0,71.0,397.29,100.0
1051.7581059932709,2026/09/22 18:28:35.446,GPU-f5e42ed3-9b0a-7003-62dd-4fb887642ee2,1230.0,1215.0,72.0,397.83,100.0
1056.7899069786072,2026/09/22 18:28:40.478,GPU-f5e42ed3-9b0a-7003-62dd-4fb887642ee2,1230.0,1215.0,72.0,398.84,100.0
1061.8218986988068,2026/09/22 18:28:45.510,GPU-f5e42ed3-9b0a-7003-62dd-4fb887642ee2,1230.0,1215.0,72.0,398.15,100.0
1066.853964805603,2026/09/22 18:28:50.542,GPU-f5e42ed3-9b0a-7003-62dd-4fb887642ee2,1230.0,1215.0,72.0,397.55,100.0
1071.885090827942,2026/09/22 18:28:55.574,GPU-f5e42ed3-9b0a-7003-62dd-4fb887642ee2,1230.0,1215.0,72.0,398.15,100.0
1076.9169669151306,2026/09/22 18:29:00.605,GPU-f5e42ed3-9b0a-7003-62dd-4fb887642ee2,1230.0,1215.0,71.0,397.97,100.0
1081.948602437973,2026/09/22 18:29:05.637,GPU-f5e42ed3-9b0a-7003-62dd-4fb887642ee2,1230.0,1215.0,72.0,398.25,100.0
1086.980444908142,2026/09/22 18:29:10.668,GPU-f5e42ed3-9b0a-7003-62dd-4fb887642ee2,1230.0,1215.0,71.0,390.58,100.0
1092.0120708942413,2026/09/22 18:29:15.700,GPU-f5e42ed3-9b0a-7003-62dd-4fb887642ee2,1230.0,1215.0,72.0,398.42,100.0
1097.0464074611664,2026/09/22 18:29:20.733,GPU-f5e42ed3-9b0a-7003-62dd-4fb887642ee2,1230.0,1215.0,72.0,397.97,100.0
1102.0786113739014,2026/09/22 18:29:25.766,GPU-f5e42ed3-9b0a-7003-62dd-4fb887642ee2,1230.0,1215.0,72.0,399.11,100.0
1107.1105716228485,2026/09/22 18:29:30.799,GPU-f5e42ed3-9b0a-7003-62dd-4fb887642ee2,1230.0,1215.0,72.0,398.15,100.0
1112.1422486305237,2026/09/22 18:29:35.830,GPU-f5e42ed3-9b0a-7003-62dd-4fb887642ee2,1230.0,1215.0,72.0,398.15,100.0
1117.174693107605,2026/09/22 18:29:40.862,GPU-f5e42ed3-9b0a-7003-62dd-4fb887642ee2,1230.0,1215.0,72.0,398.57,100.0
1122.2070136070251,2026/09/22 18:29:45.895,GPU-f5e42ed3-9b0a-7003-62dd-4fb887642ee2,1230.0,1215.0,72.0,398.57,100.0
1127.238538980484,2026/09/22 18:29:50.927,GPU-f5e42ed3-9b0a-7003-62dd-4fb887642ee2,1230.0,1215.0,72.0,398.42,100.0
1132.2703926563263,2026/09/22 18:29:55.958,GPU-f5e42ed3-9b0a-7003-62dd-4fb887642ee2,1230.0,1215.0,72.0,398.57,100.0
1137.3033962249756,2026/09/22 18:30:00.990,GPU-f5e42ed3-9b0a-7003-62dd-4fb887642ee2,1230.0,1215.0,71.0,392.64,100.0
1142.334846496582,2026/09/22 18:30:06.023,GPU-f5e42ed3-9b0a-7003-62dd-4fb887642ee2,1230.0,1215.0,72.0,398.84,100.0
1147.3663909435272,2026/09/22 18:30:11.055,GPU-f5e42ed3-9b0a-7003-62dd-4fb887642ee2,1230.0,1215.0,72.0,398.25,100.0
1152.3974208831787,2026/09/22 18:30:16.086,GPU-f5e42ed3-9b0a-7003-62dd-4fb887642ee2,1230.0,1215.0,72.0,397.55,100.0
1157.4291455745697,2026/09/22 18:30:21.117,GPU-f5e42ed3-9b0a-7003-62dd-4fb887642ee2,1230.0,1215.0,72.0,397.55,100.0
1162.461131811142,2026/09/22 18:30:26.149,GPU-f5e42ed3-9b0a-7003-62dd-4fb887642ee2,1230.0,1215.0,72.0,397.83,100.0
1167.4932007789612,2026/09/22 18:30:31.181,GPU-f5e42ed3-9b0a-7003-62dd-4fb887642ee2,1230.0,1215.0,72.0,398.15,100.0
1172.5254957675934,2026/09/22 18:30:36.213,GPU-f5e42ed3-9b0a-7003-62dd-4fb887642ee2,1230.0,1215.0,72.0,398.84,100.0
1177.5593905448914,2026/09/22 18:30:41.245,GPU-f5e42ed3-9b0a-7003-62dd-4fb887642ee2,1230.0,1215.0,72.0,397.29,100.0
1182.5918385982513,2026/09/22 18:30:46.279,GPU-f5e42ed3-9b0a-7003-62dd-4fb887642ee2,1230.0,1215.0,72.0,398.42,100.0
1187.6232681274414,2026/09/22 18:30:51.312,GPU-f5e42ed3-9b0a-7003-62dd-4fb887642ee2,1230.0,1215.0,72.0,398.42,100.0
1192.6551506519318,2026/09/22 18:30:56.343,GPU-f5e42ed3-9b0a-7003-62dd-4fb887642ee2,1230.0,1215.0,72.0,397.55,100.0
1197.687259197235,2026/09/22 18:31:01.375,GPU-f5e42ed3-9b0a-7003-62dd-4fb887642ee2,1230.0,1215.0,72.0,398.42,100.0
1202.718910932541,2026/09/22 18:31:06.407,GPU-f5e42ed3-9b0a-7003-62dd-4fb887642ee2,1230.0,1215.0,72.0,398.69,100.0
